﻿<junk-drawer retries="3">

  <connections>

    <add name="input"
         provider="file"
         file="*.*"
         min-length="64"
         max-length="255"
         check-types="true"
         check-lengths="true">
      <delimiters>
        <add name="comma" character=","/>
        <add name="pipe" character="|"/>
        <add name="tab" character="&#009;"/>
        <add name="semicolon" character=";"/>
      </delimiters>
      <types>
        <add type="bool"/>
        <add type="byte"/>
        <add type="short"/>
        <add type="int"/>
        <add type="long"/>
        <add type="single"/>
        <add type="double"/>
        <add type="decimal"/>
        <add type="datetime"/>
      </types>
    </add>

    <add name="output"
         provider="sqlserver"
         server="localhost"
         database="Junk" />

  </connections>

</junk-drawer>