﻿<cfg>

  <signatures>
    <add name="none" />
    <add name="format">
      <parameters>
        <add name="format" />
      </parameters>
    </add>
    <add name="length">
      <parameters>
        <add name="length" />
      </parameters>
    </add>
    <add name="separator">
      <parameters>
        <add name="separator" />
      </parameters>
    </add>
    <add name="padding">
      <parameters>
        <add name="total-width" />
        <add name="padding-char" value="0" />
      </parameters>
    </add>
    <add name="timezone">
      <parameters>
        <add name="from-time-zone" />
        <add name="to-time-zone" />
      </parameters>
    </add>
    <add name="fromtimezone">
      <parameters>
        <add name="from-time-zone" value="UTC" />
      </parameters>
    </add>    
    <add name="value">
      <parameters>
        <add name="value" />
      </parameters>
    </add>
    <add name="type">
      <parameters>
        <add name="type" value="[default]" />
      </parameters>
    </add>
    <add name="trim">
      <parameters>
        <add name="trim-chars" value=" " />
      </parameters>
    </add>
    <add name="script">
      <parameters>
        <add name="script"  />
      </parameters>
    </add>
    <add name="map">
      <parameters>
        <add name="map" />
      </parameters>
    </add>
    <add name="dayofweek">
      <parameters>
        <add name="dayofweek" />
      </parameters>
    </add>
    <add name="substring">
      <parameters>
        <add name="startindex" />
        <add name="length" value="0" />
      </parameters>
    </add>
    <add name="datepart">
      <parameters>
        <add name="timecomponent" />
      </parameters>
    </add>
    <add name="replace">
      <parameters>
        <add name="oldvalue" />
        <add name="newvalue" value="" />
      </parameters>
    </add>
    <add name="regexreplace">
      <parameters>
        <add name="pattern" />
        <add name="newvalue" />
        <add name="count" value="0" />
      </parameters>
    </add>
    <add name="insert">
      <parameters>
        <add name="startindex" />
        <add name="value" />
      </parameters>
    </add>
    <add name="remove">
      <parameters>
        <add name="startindex" />
        <add name="count" value="0" />
      </parameters>
    </add>
  </signatures>

  <targets>
    <add name="t" collection="transforms" property="method" />
    <add name="ignore" collection="" property="" />
  </targets>

  <methods>
    <add name="concat" signature="none" target="t" />
    <add name="convert" signature="type" target="t" />
    <add name="contains" signature="value" target="t" />
    <add name="copy" signature="none" target="ignore" />
    <add name="cs" signature="script" target="t" />
    <add name="csharp" signature="script" target="t" />
    <add name="datepart" signature="datepart" target="t" />
    <add name="decompress" signature="none" target="t" />
    <add name="format" signature="format" target="t" />
    <add name="formatphone" signature="none" target="t" />
    <add name="hashcode" signature="none" target="t" />
    <add name="htmldecode" signature="none" target="t" />
    <add name="insert" signature="insert" target="t" />
    <add name="is" signature="type" target="t" />
    <add name="javascript" signature="script" target="t" />
    <add name="join" signature="separator" target="t" />
    <add name="js" signature="script" target="t" />
    <add name="last" signature="dayofweek" target="t" />
    <add name="left" signature="length" target="t" />
    <add name="map" signature="map" target="t" />
    <add name="next" signature="dayofweek" target="t" />
    <add name="now" signature="none" target="t" />
    <add name="padleft" signature="padding" target="t" />
    <add name="padright" signature="padding" target="t" />
    <add name="regexreplace" signature="regexreplace" target="t" />
    <add name="remove" signature="remove" target="t" />
    <add name="replace" signature="replace" target="t" />
    <add name="right" signature="length" target="t" />
    <add name="splitlength" signature="separator" target="t" />
    <add name="substring" signature="substring" target="t" />
    <add name="timeago" signature="fromtimezone" target="t" />
    <add name="timeahead" signature="fromtimezone" target="t" />
    <add name="timezone" signature="timezone" target="t" />
    <add name="tolower" signature="none" target="t" />
    <add name="tostring" signature="format" target="t" />
    <add name="toupper" signature="none" target="t" />
    <add name="toyesno" signature="none" target="t" />
    <add name="trim" signature="trim" target="t" />
    <add name="trimend" signature="trim" target="t" />
    <add name="trimstart" signature="trim" target="t" />
    <add name="utcnow" signature="none" target="t" />
    <add name="xmldecode" signature="none" target="t" />
  </methods>

</cfg>